Series Name,Series Code,Country Name,Country Code,1990 [YR1990],2000 [YR2000],2014 [YR2014],2015 [YR2015],2016 [YR2016],2017 [YR2017],2018 [YR2018],2019 [YR2019],2020 [YR2020],2021 [YR2021],2022 [YR2022],2023 [YR2023]
GDP per capita (current US$),NY.GDP.PCAP.CD,Afghanistan,AFG,..,174.930991430166,625.054941813938,565.569730408751,522.082215583898,525.469770891619,491.337221382603,496.6025042585,510.787063366811,356.496214115892,357.261152798144,415.707417059086
GDP per capita (current US$),NY.GDP.PCAP.CD,Albania,ALB,617.230435515505,1126.68334010717,4578.63320812155,3952.80357364813,4124.05538986272,4531.03220675893,5365.48934672897,5460.42823730592,5370.77862312929,6413.28328605026,6846.42614266044,8575.17113446213
GDP per capita (current US$),NY.GDP.PCAP.CD,Algeria,DZA,2445.18332740258,1772.92869122761,6094.69392314956,4685.05902729002,4424.98529027556,4554.66753957828,4577.21029180491,4468.45341883656,3743.5419522929,4160.55926736925,4961.55257664733,5364.02795022731
GDP per capita (current US$),NY.GDP.PCAP.CD,American Samoa,ASM,..,..,12026.3344929488,12727.4102651386,12843.3342903627,11863.6839452565,12552.0546868861,12886.1359517218,14489.2586563775,15236.1604875571,18017.4589383973,..
GDP per capita (current US$),NY.GDP.PCAP.CD,Andorra,AND,19563.6574722488,21810.2487431414,44369.659691379,38654.9347203095,40129.8192007698,40672.9943348258,42819.7745797624,41257.8045846483,37361.0900666982,42425.6996756291,42414.0590092117,46812.4484486309
GDP per capita (current US$),NY.GDP.PCAP.CD,Angola,AGO,965.866840464665,563.733795571487,5005.9997412707,3213.90261080059,1807.95294072643,2437.25971190821,2538.59139143371,2189.85571407618,1449.92286669308,1925.87466082167,2929.69445467272,2308.15976731274
GDP per capita (current US$),NY.GDP.PCAP.CD,Antigua and Barbuda,ATG,7590.34333226449,12021.463208189,15533.4831254394,16080.6580495873,16557.843174789,16924.7894487758,18273.4270684912,18884.3729680383,15360.4544160475,17340.3790692554,20117.7653310355,21787.1017315914
GDP per capita (current US$),NY.GDP.PCAP.CD,Argentina,ARG,4315.33329358672,7637.01489203628,12233.1444119186,13679.6264980954,12699.9623137756,14532.5009308511,11752.7998922979,9955.97478680428,8535.59938004389,10738.0179223384,13935.6811110049,14187.4827252965
GDP per capita (current US$),NY.GDP.PCAP.CD,Armenia,ARM,635.355327502517,593.450581742282,3852.11800610384,3512.39350276709,3524.42476874707,3869.05373867752,4196.00562301769,4597.22887399548,4268.68093304583,4685.17997128509,6571.97445545099,8053.01066312345
GDP per capita (current US$),NY.GDP.PCAP.CD,Aruba,ABW,12187.5363611898,20681.0230269625,26129.8390617693,27458.2253310273,27441.5296617282,28440.051963759,30082.1276448186,31096.2050738676,22855.9323200761,27200.0610793969,30559.5335346581,33984.7906198041
GDP per capita (current US$),NY.GDP.PCAP.CD,Australia,AUS,18249.3014538169,21870.4159669594,62544.0873773726,56739.0265346593,49888.0410842736,53901.7145392154,57196.4220783778,54972.7017885437,51791.540179984,60607.7788605166,64997.0136536475,64820.9117890026
GDP per capita (current US$),NY.GDP.PCAP.CD,Austria,AUT,21596.068219998,24487.2974685956,51314.9722616322,43915.228020857,45061.4993920192,47163.7425775142,51194.0749841299,49885.9947355204,48716.4098900349,53648.7190742245,52176.6649141178,56033.573792065
GDP per capita (current US$),NY.GDP.PCAP.CD,Azerbaijan,AZE,1238.27189274842,655.097249579917,7890.84028062087,5500.50364628486,3880.6852276838,4147.1981423222,4739.7943123408,4805.75371765917,4229.91064904503,5408.04535175023,7770.594223351,7125.90858368611
GDP per capita (current US$),NY.GDP.PCAP.CD,"Bahamas, The",BHS,11473.3008389353,24940.0775086078,28705.6170840548,30289.4022514831,30266.5859220987,31337.1832464755,32124.4051059669,32979.5401279534,25155.6725432789,28682.3270000732,33044.388209429,35896.50510715
GDP per capita (current US$),NY.GDP.PCAP.CD,Bahrain,BHR,9342.53891401688,14214.4836839343,26451.7965647453,23734.0551143019,23800.001440631,24784.7693514607,26324.4066549559,27259.7438599327,24342.8444554718,27147.8083882286,30616.2610677495,29218.8605634137
GDP per capita (current US$),NY.GDP.PCAP.CD,Bangladesh,BGD,283.053737055234,396.670730249751,1094.46199702838,1224.38647668165,1649.28380858601,1811.08221668646,1965.24372731467,2129.79896954606,2248.85078828233,2482.84917843357,2716.48592677835,2551.01772674142
GDP per capita (current US$),NY.GDP.PCAP.CD,Barbados,BRB,7781.40573306125,11674.6736471764,19277.9423599235,18954.2913724506,19065.8069800213,19692.7606711615,20055.915870771,20583.7265786414,18347.1109131055,18696.7858952957,22164.0260273876,23804.0249914995
GDP per capita (current US$),NY.GDP.PCAP.CD,Belarus,BLR,1706.64091882343,1276.28038121269,8341.29014337961,5967.06856034227,5039.77560949445,5785.53397723676,6360.05310087258,6837.76832136779,6542.8645398436,7489.71894713888,7994.64806074889,7829.05313660622
GDP per capita (current US$),NY.GDP.PCAP.CD,Belgium,BEL,20600.3752789827,23098.8865077401,47995.7786961339,40893.804537772,41854.5498296444,44035.3239358548,47487.2100392561,46716.6227467964,45906.2875805246,51655.7883303715,50807.2047084918,54700.9093236712
GDP per capita (current US$),NY.GDP.PCAP.CD,Belize,BLZ,2988.64952260263,4729.67080428075,6128.14288539305,6154.49593498217,6142.49873185177,6072.58267640581,6031.28139580144,6190.04792278445,5227.19363786168,6122.61158580079,7068.45478269722,7459.99815132837
GDP per capita (current US$),NY.GDP.PCAP.CD,Benin,BEN,371.101604332357,487.424141384242,1204.39918700511,1002.41886882564,1010.53389609187,1054.97408141687,1151.74096952152,1130.82135304977,1197.50136428063,1318.83497843483,1264.70765976655,1394.37330217623
GDP per capita (current US$),NY.GDP.PCAP.CD,Bermuda,BMU,27665.525808301,56542.9569455727,100961.576602811,104855.366822135,108747.356144305,112339.425587467,113204.82210838,115798.040775578,106973.175732348,112712.025120653,120897.311155385,125841.602522489
GDP per capita (current US$),NY.GDP.PCAP.CD,Bhutan,BTN,488.327431477129,771.924911410619,2849.49998659935,2954.04081973327,3152.30905081592,3435.28804814561,3400.20417159422,3576.87987077877,3191.66907031782,3570.61257915864,3711.32767902157,..
GDP per capita (current US$),NY.GDP.PCAP.CD,Bolivia,BOL,682.67681029538,975.777060358751,3041.43503118107,2996.01289804214,3035.8734778704,3306.30301176558,3500.72642189371,3503.8960106182,3099.94219044572,3384.84486479247,3643.92826968677,3686.27996490544
GDP per capita (current US$),NY.GDP.PCAP.CD,Bosnia and Herzegovina,BIH,1742.88262171767,1338.48059636261,5206.06558252,4662.25883724069,4928.5665251728,5345.01985489192,6047.84584261133,6122.3753450882,6130.31133245161,7295.3438240957,7655.59421024383,8638.66620201187
GDP per capita (current US$),NY.GDP.PCAP.CD,Botswana,BWA,2903.15381562611,3450.81180622992,7122.36423421503,6141.20394726616,6749.05994339013,7104.96401088027,7407.95940141786,7172.08956480028,6323.31419156209,7808.20623956293,8329.04032229144,7820.23240375076
GDP per capita (current US$),NY.GDP.PCAP.CD,Brazil,BRA,3117.73534721624,3766.54811466032,12274.9939689363,8936.19661756825,8836.28652636996,10080.5092817775,9300.66164936497,9029.83326742175,7074.19378281866,7972.53665048385,9281.33334441234,10294.866680778
GDP per capita (current US$),NY.GDP.PCAP.CD,British Virgin Islands,VGB,..,..,..,..,..,..,..,..,..,..,..,..
GDP per capita (current US$),NY.GDP.PCAP.CD,Brunei Darussalam,BRN,23658.7166330381,20130.2571493081,41026.508391054,30625.128732694,26663.2973199878,28024.3824618568,30988.1190497851,30426.5730284202,26834.3592463839,31006.9636220576,36632.9280421411,32962.9065121916
GDP per capita (current US$),NY.GDP.PCAP.CD,Bulgaria,BGR,2366.52982128614,1621.26210738992,7912.27484371138,7078.86032298969,7570.93165511708,8381.88134621669,9436.14479876055,9838.60058985384,10198.5388313404,12274.0775950496,13644.201582807,15885.5391311331
GDP per capita (current US$),NY.GDP.PCAP.CD,Burkina Faso,BFA,338.593759055128,248.908526921752,764.861675106225,630.124750752312,663.742364842886,709.091535894695,777.465618514048,764.853077774946,825.237038782475,895.535288442991,836.118304593682,882.689810086163
GDP per capita (current US$),NY.GDP.PCAP.CD,Burundi,BDI,202.629446176297,134.537861752389,250.540481111877,280.966831311923,235.286205393908,236.694472592753,224.89939239264,210.236494521532,210.008139902508,214.091455416133,250.634225368744,193.007145564804
GDP per capita (current US$),NY.GDP.PCAP.CD,Cabo Verde,CPV,817.442925539738,1189.51479345891,3985.60706548134,3415.06266730931,3608.96606551232,3893.09572292025,4294.96510456428,4380.7811916403,3539.22662027109,3971.4440744985,4323.31362665974,4850.98415849643
GDP per capita (current US$),NY.GDP.PCAP.CD,Cambodia,KHM,190.181470036159,296.426687526334,1431.56396469993,1547.32010444393,1675.19555711109,1826.35391688754,2036.67377566578,2225.87705485686,2081.73914242939,2167.40324198499,2325.03050040841,2429.74853452838
GDP per capita (current US$),NY.GDP.PCAP.CD,Cameroon,CMR,1086.71700937081,708.565731625965,1649.4433905949,1415.00009710569,1441.7201725688,1496.08951771242,1610.69641591017,1555.22660476477,1555.60370660749,1672.32657340872,1604.87726954895,1736.86091073524
GDP per capita (current US$),NY.GDP.PCAP.CD,Canada,CAN,21525.8611387148,24271.0020563821,50960.8431174661,43594.1941045394,42314.0615817218,45129.628116623,46539.1761570405,46352.8693445211,43537.839298904,52496.8441693242,55509.393176404,53431.1857063879
GDP per capita (current US$),NY.GDP.PCAP.CD,Cayman Islands,CYM,..,..,75845.3060407986,76379.2095108681,77802.2541567187,80053.9444506891,83865.5531568184,88254.2903677044,82338.7982853661,86438.445257404,92202.1478031576,97749.5078960846
GDP per capita (current US$),NY.GDP.PCAP.CD,Central African Republic,CAF,501.656200636394,239.154133726071,409.8504859647,366.322853938121,387.176203444318,432.324025684263,455.243962859534,449.228467602439,462.879071294011,492.263142830507,467.359825026238,495.978897153068
GDP per capita (current US$),NY.GDP.PCAP.CD,Chad,TCD,290.599045262191,163.121663683369,982.527563074226,747.588448455507,668.078636142918,640.117048532702,695.642393675941,678.142035723965,622.095543396442,660.747192555507,671.720147647873,680.639877912029
GDP per capita (current US$),NY.GDP.PCAP.CD,Channel Islands,CHI,..,43479.1940767689,64700.7425701916,61852.0736534587,55950.1485360363,55806.5709126142,60783.3533081111,60568.1085272721,56785.9402392525,66912.1750054447,67627.3082341446,74589.1380225191
GDP per capita (current US$),NY.GDP.PCAP.CD,Chile,CHL,2466.13014237644,5052.99245768719,14529.6767210362,13433.9202985339,13649.8520455553,14879.9086230423,15659.4808675628,14495.716721687,13114.815470545,16216.5706467899,15451.1319576678,17067.8136150601
GDP per capita (current US$),NY.GDP.PCAP.CD,China,CHN,317.884673040928,959.360431369138,7636.07434020616,8016.44559489998,8094.39016735149,8817.04560829162,9905.40638304527,10143.8602206165,10408.7195541075,12617.5051041181,12662.5826712038,12614.0617416421
GDP per capita (current US$),NY.GDP.PCAP.CD,Colombia,COL,1474.8455285342,2555.00751039968,8187.20824890084,6248.51490534512,5959.84250367574,6479.53231292429,6816.96818309544,6472.54544924705,5339.68711357943,6222.62164397614,6674.59601948063,6947.35928681966
GDP per capita (current US$),NY.GDP.PCAP.CD,Comoros,COM,966.320384629832,655.007796688241,1615.71723662012,1329.37048235986,1365.48403444497,1423.9248027797,1540.71132257526,1519.26386436068,1527.16991011916,1584.12450153608,1489.49566257969,1590.31237688317
GDP per capita (current US$),NY.GDP.PCAP.CD,"Congo, Dem. Rep.",COD,254.872656292509,377.925421481395,458.004541775676,467.9145805459,442.310472110228,436.584534687385,528.256019777898,557.044161335917,507.521230077872,558.034077296358,642.612265820033,627.502181690836
GDP per capita (current US$),NY.GDP.PCAP.CD,"Congo, Rep.",COG,1175.66709098428,1024.30159109181,3601.2365808718,2439.35189403696,2093.10728558843,2211.63309874797,2694.43413191427,2488.42466724916,1993.586671931,2516.16255145432,2620.83804267402,2477.97845544866
GDP per capita (current US$),NY.GDP.PCAP.CD,Costa Rica,CRI,1829.6687089559,3812.75388284924,10911.497878334,11714.7105980732,12091.0301606154,12317.0902771304,12590.2493781614,12884.6859951989,12394.0493969492,12838.1185358931,13625.9008491328,16942.0268119375
GDP per capita (current US$),NY.GDP.PCAP.CD,Cote d'Ivoire,CIV,885.647842214928,936.636541348798,1991.36539423404,1814.71855088017,1862.59597081287,1964.29930338343,2130.86619381144,2141.76836170115,2179.72934832935,2455.98127641148,2308.70654660366,2530.84659301723
GDP per capita (current US$),NY.GDP.PCAP.CD,Croatia,HRV,5369.10978590681,4953.65158789022,14187.9694531493,12285.3032582105,12821.1738140304,13902.6310485422,15460.4183295843,15563.8167397199,14808.4620188819,17789.9304736722,18466.0955472648,21865.4562838641
GDP per capita (current US$),NY.GDP.PCAP.CD,Cuba,CUB,2694.31697957692,2751.3817714814,7146.70459051328,7727.91997207998,8110.55873961397,8610.60829531998,8911.46205964193,9232.26115935183,9605.26125067263,..,..,..
GDP per capita (current US$),NY.GDP.PCAP.CD,Curacao,CUW,..,15841.2612359949,19623.029993395,19361.8130008678,18944.0961493998,18938.2440469703,19119.1243941688,19220.6866958303,16356.0933594414,17980.0888397547,20501.7522782219,22192.4453028535
GDP per capita (current US$),NY.GDP.PCAP.CD,Cyprus,CYP,9641.5751953125,14388.3525390625,27244.3515625,23487.228515625,24715.154296875,26696.990234375,29599.986328125,29703.052734375,28649.015625,33734.29296875,33938.9453125,36551.41796875
GDP per capita (current US$),NY.GDP.PCAP.CD,Czechia,CZE,3969.36733543794,6062.92152842793,20038.4163180257,17931.5987670768,18753.9686718096,20913.197632212,23705.9329811299,24062.7190013343,23472.8915454417,27696.4619527544,28282.2236715857,31591.1770732969
GDP per capita (current US$),NY.GDP.PCAP.CD,Denmark,DNK,26885.6994188191,30722.0251837567,62520.4509747011,53094.0133607574,54500.9260410217,57521.5514992225,61324.7665045565,59404.2663247723,60985.4885601514,69727.9873677012,68091.3191138669,68453.8769281145
GDP per capita (current US$),NY.GDP.PCAP.CD,Djibouti,DJI,780.497719360725,737.612183644052,2208.67810285113,2376.12554719873,2510.4300076241,2618.95521147369,2718.0853229414,2837.17103336917,2881.99924450145,3019.69343880209,3231.30015326477,3554.83918868372
GDP per capita (current US$),NY.GDP.PCAP.CD,Dominica,DMA,2892.9815966454,4867.39896323759,7395.30259658718,7679.83293618857,8278.44768597003,7614.34028048137,8137.56520624242,9009.09011545429,7461.77933220095,8262.65091316727,9085.67412772363,9832.99643050057
GDP per capita (current US$),NY.GDP.PCAP.CD,Dominican Republic,DOM,989.163941207659,2831.45883638033,6512.50771431953,6819.93225155181,7174.82349574,7499.69286187019,7934.98141208525,8164.22080932117,7162.29175242114,8472.47982000992,10109.5234003521,10717.6276712204
GDP per capita (current US$),NY.GDP.PCAP.CD,Ecuador,ECU,1455.00748510871,1382.23421759909,6405.79979300441,5976.1596805651,5917.63771271481,6233.32244797718,6303.91892523596,6205.05759479761,5463.64509649315,6075.8026572556,6540.99824522101,6609.80408154957
GDP per capita (current US$),NY.GDP.PCAP.CD,"Egypt, Arab Rep.",EGY,735.982935028025,1366.09274372613,3133.39102265541,3306.98159414141,3270.6287768197,2395.10333299491,2484.70315630508,2962.98892023003,3511.11381026379,3827.35415374308,4233.30783744856,3457.45691570455
GDP per capita (current US$),NY.GDP.PCAP.CD,El Salvador,SLV,892.18271519703,1982.87093542615,3666.01248913873,3790.34089108162,3901.34014965811,4020.12671373919,4183.54620971358,4320.11671534627,3997.19279583709,4642.60743101342,5093.51833879776,5391.06926181338
GDP per capita (current US$),NY.GDP.PCAP.CD,Equatorial Guinea,GNQ,236.402188376265,1487.3165506701,15548.6624656619,9068.91003238645,7453.19797948517,7809.10465655488,8102.47084834031,6804.14923073888,5764.05502912947,6945.63069794539,7589.29964909381,6677.793435386
GDP per capita (current US$),NY.GDP.PCAP.CD,Eritrea,ERI,..,314.357396753501,..,..,..,..,..,..,..,..,..,..
GDP per capita (current US$),NY.GDP.PCAP.CD,Estonia,EST,..,4070.60902410208,20581.7898991695,17722.1557669523,18666.3736521706,20851.5223496861,23618.1361254581,24021.2501413306,23933.9939421065,27953.7670230126,28451.1477825175,30133.304450454
GDP per capita (current US$),NY.GDP.PCAP.CD,Eswatini,SWZ,1277.69173005665,1668.9749133064,3740.69277623691,3393.53367834668,3223.92004062357,3831.42595273032,3986.10557163026,3894.32951592818,3442.3216527415,3926.48687364215,3852.08573272946,3610.60879677551
GDP per capita (current US$),NY.GDP.PCAP.CD,Ethiopia,ETH,262.108971053707,122.269202606069,549.986577082588,621.845673808133,696.195884706786,745.632449222154,747.968143637014,828.70897229725,905.313175805855,910.947840320752,1011.0732858233,1272.01628209211
GDP per capita (current US$),NY.GDP.PCAP.CD,Faroe Islands,FRO,20125.7940710069,23322.7593357515,60172.0632541664,52635.0375463609,56875.2803813296,59384.9862077969,62524.0387361638,63064.6343127366,62236.0866558197,68736.505610554,66108.733645837,71717.7042204698
GDP per capita (current US$),NY.GDP.PCAP.CD,Fiji,FJI,1728.94076871199,1995.72071163264,5293.35679137747,5097.53108832569,5363.79025590254,5826.84814087383,6085.41979209299,5950.82868635508,4844.42129036462,4696.17101880318,5405.03007408295,5888.73668639357
GDP per capita (current US$),NY.GDP.PCAP.CD,Finland,FIN,28366.204276071,24335.9225082659,50073.7760815871,42560.3456767103,43451.2562442158,46085.0174739036,49654.2497035329,48358.1807773701,48828.6846862799,53099.1351400148,50438.4753952355,52925.6897638424
GDP per capita (current US$),NY.GDP.PCAP.CD,France,FRA,21586.4674617483,22340.5939516217,43148.0459288416,36702.4323733379,37024.2157133669,38687.1626407164,41418.1766484844,40408.2848574751,39169.8606000707,43725.0999521245,41082.8119320747,44690.9345395117
GDP per capita (current US$),NY.GDP.PCAP.CD,French Polynesia,PYF,16293.1823294474,14978.324104668,22258.6321384251,19166.9594761931,19690.0775734589,20826.9312492172,21925.616043938,21582.5892046801,20746.2720428286,21982.9038942614,20738.6499971661,..
GDP per capita (current US$),NY.GDP.PCAP.CD,Gabon,GAB,6050.71468999523,3982.906200928,9201.36276648105,7047.12654634355,6677.07003901644,6921.73373135624,7624.2775233771,7441.1786472281,6605.80346077565,8181.40914134656,8409.2074145028,7802.83659565049
GDP per capita (current US$),NY.GDP.PCAP.CD,"Gambia, The",GMB,300.639895740381,538.054072348854,568.00453558864,619.536364296461,650.056501323611,642.522641296331,696.219806960615,738.186751987483,720.335143352133,781.890925169531,836.244875868476,888.157407724123
GDP per capita (current US$),NY.GDP.PCAP.CD,Georgia,GEO,1610.98027146868,749.908534993961,4830.33486170249,4086.6223465965,4143.40125686315,4418.75206546679,4804.0546040444,4741.2832715876,4300.85701291207,5083.60695484577,6729.84659930283,8283.66960242964
GDP per capita (current US$),NY.GDP.PCAP.CD,Germany,DEU,22385.6778250275,23925.8559901991,48971.0824722599,41911.0109851054,42961.0356905775,45526.5999576533,48874.8595028454,47623.8656074829,47379.765194548,52265.6541620571,49686.1154582583,54343.2265084958
GDP per capita (current US$),NY.GDP.PCAP.CD,Ghana,GHA,382.54246368354,253.746936203344,1953.64513603117,1721.69964380717,1913.18673253576,2012.97025750655,2196.61290615342,2186.18924111824,2196.54789313621,2445.50081810782,2240.27945094566,2260.28741289427
GDP per capita (current US$),NY.GDP.PCAP.CD,Gibraltar,GIB,..,..,..,..,..,..,..,..,..,..,..,..
GDP per capita (current US$),NY.GDP.PCAP.CD,Greece,GRC,9466.66238502174,11638.2010697215,21474.7257123892,17980.7298238137,17919.2426377048,18631.9930129293,19873.4015238771,19335.3602002969,17886.733165236,20654.7001960815,20971.8349258283,23400.7278817691
GDP per capita (current US$),NY.GDP.PCAP.CD,Greenland,GRL,18326.9295023252,19004.0038435698,50485.2244135291,44536.3549705377,48181.7453541266,50765.7494665372,54545.135857765,53309.2035905065,54693.0766804265,57116.295770722,..,..
GDP per capita (current US$),NY.GDP.PCAP.CD,Grenada,GRD,2782.18396873619,4839.82811114248,7986.33421210788,8694.12438005692,9221.23461079424,9751.42661155932,10083.021279225,10462.7929159533,8968.55890108484,9622.24050459345,10474.2652893842,11246.3451228921
GDP per capita (current US$),NY.GDP.PCAP.CD,Guam,GUM,..,..,33900.1486530583,35165.7014644795,35930.6594898711,36779.0078903909,37195.9503070464,39274.9431424899,36482.9363953675,38074.8793745801,41833.1517132825,..
GDP per capita (current US$),NY.GDP.PCAP.CD,Guatemala,GTM,847.688561830359,1648.96578971559,3689.14472473545,3893.50521848131,4060.13755621218,4324.99607911366,4352.94651790253,4511.99755157656,4477.61761796418,4913.94712869347,5358.08963795,5762.82174615918
GDP per capita (current US$),NY.GDP.PCAP.CD,Guinea,GIN,604.304422702532,518.157066924026,765.146999389279,747.356966759448,711.996509782316,833.598621691121,933.273615633705,1031.34146480732,1053.66097696415,1244.96550477914,1416.59612011764,1541.04050914957
GDP per capita (current US$),NY.GDP.PCAP.CD,Guinea-Bissau,GNB,651.337640650994,316.945495037639,652.022501029449,645.066837207039,679.665386626818,783.123186602022,808.531613218504,807.359903965493,817.780335749159,900.407780831491,853.281304044102,951.242748289294
GDP per capita (current US$),NY.GDP.PCAP.CD,Guyana,GUY,528.851095342994,931.796651718955,5472.68820452237,5640.41560569466,5870.87823759835,6178.6650437298,6048.38697180418,6405.82443444562,6775.70939096303,9860.87233445443,17913.4910146288,20765.3503593109
GDP per capita (current US$),NY.GDP.PCAP.CD,Haiti,HTI,451.720249689216,820.600046761464,1460.18898613914,1411.12684746796,1318.40268167953,1395.23945184461,1496.38048970156,1352.17204191532,1290.32538667383,1835.44394078496,1760.62635668777,1705.77905452248
GDP per capita (current US$),NY.GDP.PCAP.CD,Honduras,HND,988.459273781288,1092.56400746252,2179.88171977271,2271.20265980349,2307.34468351082,2413.0076562942,2464.64241531918,2502.32744328073,2307.61494319511,2735.14751503977,3003.28996826399,3231.65724461936
GDP per capita (current US$),NY.GDP.PCAP.CD,"Hong Kong SAR, China",HKG,13485.6314525052,25756.7728723704,40315.3739510191,42432.1619740441,43734.1980702999,46160.429791493,48537.5668888343,48359.0011950597,46109.2299946609,49770.5642374739,48826.0527728276,50531.7385421945
GDP per capita (current US$),NY.GDP.PCAP.CD,Hungary,HUN,3312.69823800526,4624.28165670295,14294.2584180751,12717.038597002,13104.6995457458,14621.2395956755,16425.2050299693,16786.2136399075,16131.9540355923,18755.1023464312,18353.298364905,22141.8669799276
GDP per capita (current US$),NY.GDP.PCAP.CD,Iceland,ISL,25384.9150226302,32096.3722613695,54576.7448146565,52951.6815110898,61987.9263620283,72010.1490316258,74452.1890731447,68452.23622306,59023.5663465778,69325.9078287926,75314.085560994,79636.9548578508
GDP per capita (current US$),NY.GDP.PCAP.CD,India,IND,371.085936203765,442.750218937263,1553.88396075118,1583.99815907985,1707.50892912243,1950.10468280866,1966.25455171679,2041.42863698585,1907.04251637669,2239.61384367482,2352.61392452078,2480.79208721621
GDP per capita (current US$),NY.GDP.PCAP.CD,Indonesia,IDN,578.420121135382,763.711124950924,3441.06808455308,3288.22269737572,3521.46943456251,3798.88326177649,3860.95353077708,4106.94856173421,3853.70288778903,4287.17313989405,4730.74548910499,4876.31432703188
GDP per capita (current US$),NY.GDP.PCAP.CD,"Iran, Islamic Rep.",IRN,2137.94222739878,1650.01385832603,5672.06372896319,4952.73355532178,5477.03712389913,5753.11544659399,4631.78709016514,3831.27894763337,2988.78122414716,4334.79268631354,4405.09291519791,4465.63766994952
GDP per capita (current US$),NY.GDP.PCAP.CD,Iraq,IRQ,10261.4157706888,1980.18916038782,6249.39226978969,4440.14189252367,4334.42096404188,4759.2846435467,5646.68932074742,5671.8568632942,4295.18945121228,4868.49431080783,6504.12428393548,5565.12644647176
GDP per capita (current US$),NY.GDP.PCAP.CD,Ireland,IRL,14031.3025675469,26334.5672050501,57278.2590911107,64311.8234684057,64292.659966313,72499.3268743015,81248.3135388,82508.4659883582,87567.1148972037,105561.137468992,106194.755859223,103887.800388081
GDP per capita (current US$),NY.GDP.PCAP.CD,Isle of Man,IMN,11049.8949396235,21161.3963073772,91885.4528718026,84753.5187422732,82025.9454509241,83481.3038489014,89393.8244248812,87127.5517977404,79513.5330346598,94299.969348965,..,..
GDP per capita (current US$),NY.GDP.PCAP.CD,Israel,ISR,13284.3794576924,21660.840378309,38230.4954049785,36123.9907881129,37556.6272863143,40997.9110240274,42233.2610344935,44140.8289372511,44679.7715799755,52255.6159050999,54930.7261602593,52642.4267486308
GDP per capita (current US$),NY.GDP.PCAP.CD,Italy,ITA,20873.7834092719,20190.0035636084,35750.7197500382,30387.1293187854,31126.3246947273,32554.14668453,34746.3441392416,33812.788724868,32091.4866621366,36852.5425414951,35635.7442204098,39003.3160954123
GDP per capita (current US$),NY.GDP.PCAP.CD,Jamaica,JAM,1929.59891905857,3453.09252800226,4975.11326954633,5062.89556466908,5009.79450059092,5259.31334136812,5578.10346083169,5607.24300668501,4879.44024631319,5165.33780988607,6022.15341099999,6839.72503886968
GDP per capita (current US$),NY.GDP.PCAP.CD,Japan,JPN,25801.3950393094,39169.3595701504,38475.3952461838,34960.6393843385,39375.4731620781,38834.0529341227,39751.1330982711,40415.9567649547,40040.7655055923,40058.5373276179,34017.2718075024,33766.5268253808
GDP per capita (current US$),NY.GDP.PCAP.CD,Jordan,JOR,1148.59005469899,1570.61002940477,4191.18050084986,4042.75678097555,3986.71677010853,4065.61628749384,4145.43989673265,4170.1144003465,4022.0401356135,4183.49998326866,4332.25159897931,4455.50540514568
GDP per capita (current US$),NY.GDP.PCAP.CD,Kazakhstan,KAZ,1570.00883112591,1180.0444563226,12427.7094576939,10196.1226255982,7475.56688689424,8943.08416791984,9472.48527327758,9457.12614657136,8781.50797787648,9983.60103576902,11255.3396437881,12918.8661346014
GDP per capita (current US$),NY.GDP.PCAP.CD,Kenya,KEN,374.458992895562,414.626365130846,1482.81566253497,1489.11959777284,1554.12610314423,1667.48447230835,1836.45275528993,1960.40808854893,1927.66459027849,2061.35622089594,2109.56288513137,1952.30457929636
GDP per capita (current US$),NY.GDP.PCAP.CD,Kiribati,KIR,488.067527876014,845.367556128631,1736.7053011433,1639.85274301496,1742.66812442095,1853.0511299437,1912.73798131035,1750.99750920482,1769.43211760217,2253.82500103057,2075.90844085067,2106.76000405677
GDP per capita (current US$),NY.GDP.PCAP.CD,"Korea, Dem. People's Rep.",PRK,..,..,..,..,..,..,..,..,..,..,..,..
GDP per capita (current US$),NY.GDP.PCAP.CD,"Korea, Rep.",KOR,6609.99728316175,12257.0206622345,29252.9312377352,28737.4391706499,29280.4403170048,31600.7358741365,33447.1562836166,31902.4169048194,31721.2989141857,35125.5224984723,32394.6833725203,33121.3712885508
GDP per capita (current US$),NY.GDP.PCAP.CD,Kosovo,XKX,..,..,3902.49424360946,3520.62850699375,3759.44959067104,4009.31799347588,4384.18624084947,4415.99716107514,4310.88824737367,5270.42670206205,5290.94747224687,5960.15820477447
GDP per capita (current US$),NY.GDP.PCAP.CD,Kuwait,KWT,10937.5415268808,19296.3471698729,44368.781373043,29882.2126867068,27323.6890643847,29047.6535822842,32067.9623689512,31707.8737464917,25236.0755520534,34043.542153557,40077.238047746,33729.7985494456
GDP per capita (current US$),NY.GDP.PCAP.CD,Kyrgyz Republic,KGZ,605.798144966488,279.621767006739,1264.52679529608,1105.65202996955,1103.27498361324,1221.39056490366,1283.52040333083,1421.99927504102,1229.51775742135,1349.99730650542,1739.72030814894,1970.15780961839
GDP per capita (current US$),NY.GDP.PCAP.CD,Lao PDR,LAO,200.7349054896,318.749852236965,1981.03910900473,2121.01339097363,2303.22156035363,2432.43059478511,2545.1075420815,2589.32081035237,2583.77730696131,2526.05105018529,2046.40440255621,2066.94979776957
GDP per capita (current US$),NY.GDP.PCAP.CD,Latvia,LVA,..,3278.17896440803,15185.814581236,13321.9753140616,13838.5266823272,15132.4958333982,17252.1710428626,17294.9751600969,17564.2321549354,20262.8433862451,20229.4613617326,22502.8429938094
GDP per capita (current US$),NY.GDP.PCAP.CD,Lebanon,LBN,789.526338484738,3986.83513941026,7577.6413302369,7714.1099998804,8089.012088155,8608.21084982387,9174.53666204759,8905.88005497437,5561.19166950397,4045.37391066234,3654.35845534878,..
GDP per capita (current US$),NY.GDP.PCAP.CD,Lesotho,LSO,329.563785157203,442.779545779081,1173.5377928819,1121.19851342518,992.491840678465,1069.36673247542,1170.65569702819,1082.05706777516,918.582577421982,1066.58645143823,1029.99553333827,916.282979328622
GDP per capita (current US$),NY.GDP.PCAP.CD,Liberia,LBR,172.867610123278,298.485340578945,706.714490064507,692.590082351257,714.613063145659,699.269095727404,692.203127129794,658.164180770507,616.787867006715,667.96610514319,744.617175237387,771.887142089677
GDP per capita (current US$),NY.GDP.PCAP.CD,Libya,LBY,6502.27886565421,7214.10040377084,8926.42074591474,7458.48917756374,7525.80299308216,9965.83236729757,11196.5854810844,9963.19489084483,6650.33810585348,4935.82787349801,5986.63694851258,6172.81246940233
GDP per capita (current US$),NY.GDP.PCAP.CD,Liechtenstein,LIE,49457.5609343203,76087.911114202,178735.153020908,167187.15730982,165375.491396259,170547.092298954,174988.775083446,166907.839305016,164671.093553454,196783.729414593,186400.23376784,..
GDP per capita (current US$),NY.GDP.PCAP.CD,Lithuania,LTU,..,3300.63634928559,16473.5678231709,14300.2553666736,14981.6208126311,16884.7100319318,19368.5391045353,19727.7607453736,20541.824988603,23934.728489916,25085.784063499,27786.0057829276
GDP per capita (current US$),NY.GDP.PCAP.CD,Luxembourg,LUX,33465.478207919,48659.5988753233,123678.702143275,105462.012584423,106899.293549552,110193.213797228,116786.511654677,112726.439672814,116905.370396853,133711.794435985,125006.021815486,128678.189942826
GDP per capita (current US$),NY.GDP.PCAP.CD,"Macao SAR, China",MAC,9692.43538809962,15731.9868750281,88310.8119567344,70070.2918001631,69074.0363049212,77704.9215312666,83761.8171798142,81967.699172769,36976.2561071429,45376.314586156,36909.9564090312,67476.5290813306
GDP per capita (current US$),NY.GDP.PCAP.CD,Madagascar,MDG,326.099253221978,280.282905559649,505.684922503435,445.320069480568,453.970714522463,491.866848718929,500.45718552916,499.818837622534,450.771615201509,490.206238571448,497.242514792961,506.159368687808
GDP per capita (current US$),NY.GDP.PCAP.CD,Malawi,MWI,286.730598968269,224.22415918428,529.5133440206,539.605363240686,450.506105510719,495.769683367165,533.203173686705,580.889816066776,602.507478176106,617.447520802454,604.269751184515,602.343619809252
GDP per capita (current US$),NY.GDP.PCAP.CD,Malaysia,MYS,2468.69080320116,4083.52874483605,11013.3107334403,9648.6797937523,9476.53409809923,9862.54806612235,10901.8019954421,10920.191763972,9957.52626697613,10903.1116425938,11748.0919307944,11379.0861000632
GDP per capita (current US$),NY.GDP.PCAP.CD,Maldives,MDV,956.763019768672,2213.81235053178,8939.07416571472,9644.90655028145,9947.80744731739,10509.628805812,11423.2838427029,11740.2724029785,7393.8886543933,10176.143882547,11786.0091545343,12530.3602359683
GDP per capita (current US$),NY.GDP.PCAP.CD,Mali,MLI,292.184532091609,256.199554978241,797.154510755732,704.821646439506,730.85493818079,775.536492065709,835.086710561793,820.197390833912,804.343956745857,862.467400106111,813.965034073188,869.270234286992
GDP per capita (current US$),NY.GDP.PCAP.CD,Malta,MLT,7192.39410227111,10348.4865480967,27356.6080303021,25481.8977555627,26409.6285858968,30259.3952629768,33332.1905601302,32412.2697818499,31796.8213417258,38027.3801730893,36142.2058531852,40395.7692064458
GDP per capita (current US$),NY.GDP.PCAP.CD,Marshall Islands,MHL,1758.40820990836,2264.79114897645,3735.23977829545,3764.34426229508,4229.80988911945,4592.83457628576,4858.12079054875,5292.33985502306,5661.96787336674,6258.61193705127,6322.82855503156,6678.34239060448
GDP per capita (current US$),NY.GDP.PCAP.CD,Mauritania,MRT,772.033092140219,680.911061879778,1713.00865264234,1554.94897871782,1565.76575722696,1615.00401327323,1722.93528854073,1767.072710621,1795.76459566714,1947.78918383313,1960.35240077424,2120.82320358953
GDP per capita (current US$),NY.GDP.PCAP.CD,Mauritius,MUS,2539.92846467452,3981.98343249582,10366.3550754936,9507.87133656424,9965.72531085228,10841.6847754844,11643.4605962124,11403.2527870674,9011.04288445023,9068.97300226707,10239.7970461095,11613.0441587588
GDP per capita (current US$),NY.GDP.PCAP.CD,Mexico,MEX,3154.46920349038,7524.02713693678,11391.3773497683,10021.2386118827,9097.92397674769,9649.27816772402,10084.7937562021,10369.5553568761,8841.27075003163,10314.0506741437,11385.4070757929,13790.0243428344
GDP per capita (current US$),NY.GDP.PCAP.CD,"Micronesia, Fed. Sts.",FSM,1459.04369201491,2081.9660133519,2945.41495996162,2911.16211045292,2979.60119184048,3279.10779039285,3566.58690371125,3572.65918282222,3353.8894298388,3493.87228552999,3835.38184348074,4084.16940424398
GDP per capita (current US$),NY.GDP.PCAP.CD,Moldova,MDA,1206.50208704977,440.538683980372,3289.95758568777,2749.55137054338,2847.08794770479,3453.26727720294,4156.44981956646,4405.33418162155,4375.7788930524,5274.60582195352,5738.42473515618,6729.41286813969
GDP per capita (current US$),NY.GDP.PCAP.CD,Monaco,MCO,81734.8664968011,81789.0206522549,195693.570738894,170437.101188261,173604.753555915,170663.375247872,188298.315668437,193746.785647412,176891.886538492,223823.363960226,226052.001905201,256580.515122745
GDP per capita (current US$),NY.GDP.PCAP.CD,Mongolia,MNG,1220.17127664137,476.02755082717,4126.23975800524,3838.92126989984,3619.90026383792,3645.96708669551,4107.64288528468,4347.54610314873,4001.25193077703,4517.61578018785,4993.51487463495,5838.63108083902
GDP per capita (current US$),NY.GDP.PCAP.CD,Montenegro,MNE,..,1627.06511911987,7387.87296917548,6517.19267514764,7033.43962398373,7803.35824465203,8850.3749248372,8909.6538759126,7677.37132106817,9465.96153027794,10093.4387007266,12221.4775546967
GDP per capita (current US$),NY.GDP.PCAP.CD,Morocco,MAR,1229.07104492188,1499.107421875,3435.40698242188,3146.24780273438,3140.85546875,3296.52661132813,3501.69799804688,3508.09765625,3268.0302734375,3785.93627929688,3455.39624023438,3771.4462890625
GDP per capita (current US$),NY.GDP.PCAP.CD,Mozambique,MOZ,..,327.12623979157,697.142680444123,610.563774706589,441.489734819071,470.93856305196,517.507260258101,519.09255091362,462.433876479921,509.907829475551,578.251663751351,622.985619320596
GDP per capita (current US$),NY.GDP.PCAP.CD,Myanmar,MMR,53.1225401094506,196.619580625284,1293.00042298704,1166.73305546288,1229.19713515893,1272.82241830603,1298.21310320785,1425.98954211903,1490.21683548367,1242.72134419599,1158.05005034332,1233.19666209269
GDP per capita (current US$),NY.GDP.PCAP.CD,Namibia,NAM,2037.47589359778,2156.67590512714,5378.32326241205,4774.10650865775,4395.68776162376,5143.96072323076,5308.60813408705,4731.9210318831,3878.58982993966,4412.8355693052,4349.04532248966,4168.28521087347
GDP per capita (current US$),NY.GDP.PCAP.CD,Nauru,NRU,5775.55347423089,2648.60152860938,9193.09784447237,7703.43149943923,8724.30700255019,9613.41209082575,11408.6947593898,10776.8284610316,10695.6993301601,14989.6647450751,13287.2711890938,12982.7612060515
GDP per capita (current US$),NY.GDP.PCAP.CD,Nepal,NPL,185.794600449903,223.830289183078,821.455224911731,875.543635474862,877.256454696737,1034.28374906846,1179.19843190389,1203.14294706401,1154.21517578318,1252.75076731986,1385.91066275016,1377.62603571292
GDP per capita (current US$),NY.GDP.PCAP.CD,Netherlands,NLD,21322.1944802703,26225.1697734149,53457.2234864322,45793.8135434697,46808.5291492503,49513.6817346384,53955.0770024266,53554.9007491475,53467.9277413737,60141.9880911492,59123.318556487,64572.0059558854
GDP per capita (current US$),NY.GDP.PCAP.CD,New Caledonia,NCL,14334.6807372176,15329.7297200058,37816.9558599295,30858.7237060533,30782.8544433514,32354.7102832901,34902.8968780031,33411.3358835672,33270.330597637,35311.5543551452,33516.363085906,..
GDP per capita (current US$),NY.GDP.PCAP.CD,New Zealand,NZL,13663.0216184298,13641.1027183822,44578.2253868016,38639.3501941427,40070.8956577431,42913.186956185,43228.6976473771,42747.2099299966,41785.6922905898,49624.1816729553,48216.5095836302,48280.8114166238
GDP per capita (current US$),NY.GDP.PCAP.CD,Nicaragua,NIC,242.508388735709,1017.3124434882,1958.36966453366,2074.45446460028,2131.68828465802,2182.61875100395,2035.16750115975,1958.62132892996,1931.61515811642,2128.60980633198,2325.16737851871,2612.87066241288
GDP per capita (current US$),NY.GDP.PCAP.CD,Niger,NER,423.887460599302,194.771959898935,565.30989731175,485.662574175279,502.706475406446,521.804130023434,578.568035680892,561.691304349698,579.512495758236,608.722439593808,609.745147574878,642.937917863471
GDP per capita (current US$),NY.GDP.PCAP.CD,Nigeria,NGA,556.376449130902,547.318298903379,3088.72131316169,2585.73360671797,2070.4127339595,1876.34027111773,2057.87944554011,2265.15520863056,2019.65706326224,2017.27486481527,2139.37478476974,1596.63696129001
GDP per capita (current US$),NY.GDP.PCAP.CD,North Macedonia,MKD,2277.30372314314,1861.89899780644,5925.38592218015,5262.68671928674,5598.48622617967,5955.2973863451,6713.98925398989,6718.85826635458,6659.59651070776,7620.80296977508,7606.2375253797,8624.29360948531
GDP per capita (current US$),NY.GDP.PCAP.CD,Northern Mariana Islands,MNP,..,..,15945.417608954,17665.1007493109,24225.474169342,31225.6049960968,26509.3628379893,24496.6652122421,18220.8382427201,19455.50139424,23785.754590043,..
GDP per capita (current US$),NY.GDP.PCAP.CD,Norway,NOR,28242.981402822,38178.2368777076,97666.6951838749,74809.9658049898,70867.3609970749,76131.8384032764,82792.8427113304,76430.5889473338,68340.0181033702,93072.8925119571,108798.451165901,87925.0944188399
GDP per capita (current US$),NY.GDP.PCAP.CD,Oman,OMN,7545.70305230441,9753.84755185404,23160.6502252547,18808.3077921839,17110.1897460545,17820.0661809335,19901.7615642016,19180.1864152801,16784.8630630058,19403.4600160211,23665.6394740852,21549.8368728192
GDP per capita (current US$),NY.GDP.PCAP.CD,Pakistan,PAK,344.45547384189,642.338346499898,1266.61340849959,1380.47020838317,1424.69161195897,1519.23459514248,1569.33814626355,1390.41690981745,1278.39735206896,1455.31922370186,1538.3228133171,1365.27743222493
GDP per capita (current US$),NY.GDP.PCAP.CD,Palau,PLW,6402.929615309,7797.25727395975,13726.0222622072,15690.7586522228,16762.5723436534,16034.1342914889,16197.7254546986,15841.1935329812,14556.5896891862,13257.2066721026,14392.1990258461,15899.4224911152
GDP per capita (current US$),NY.GDP.PCAP.CD,Panama,PAN,2620.13827266274,3975.09308659503,13213.1989637473,14082.6548502728,14832.3611608191,15694.6297454295,16151.3273478476,16477.9066285687,13290.5608347594,15509.8069109784,17332.4360742988,18686.4050961265
GDP per capita (current US$),NY.GDP.PCAP.CD,Papua New Guinea,PNG,826.317152082832,635.957919047725,2723.17529825196,2484.5963398603,2316.39479758492,2477.76530986323,2566.36833735041,2575.77274251891,2429.61134586681,2607.57861884395,3101.71063200047,2957.68262498549
GDP per capita (current US$),NY.GDP.PCAP.CD,Paraguay,PRY,1440.15829610029,1736.11729210765,6652.25478942291,5879.33792308671,5775.1596339946,6152.26711537703,6258.44991640954,5821.18199548637,5365.47220721191,5976.9317978996,6205.62595379319,6276.35113919957
GDP per capita (current US$),NY.GDP.PCAP.CD,Peru,PER,1199.66666756615,1945.41338451698,6667.13410360861,6231.71150338894,6217.03599995447,6736.16693725487,6978.49121548627,7037.00803692604,6133.32552410183,6826.9720069846,7363.27206939639,7906.58502858
GDP per capita (current US$),NY.GDP.PCAP.CD,Philippines,PHL,803.572588255813,1050.79272954492,2866.83803767919,2909.85818014474,2985.19564020101,3038.12124955619,3168.51036606257,3400.78949772302,3227.57910235199,3484.38593882819,3548.06930572116,3804.8725797521
GDP per capita (current US$),NY.GDP.PCAP.CD,Poland,POL,1731.2095094382,4520.64100449111,14262.2841914116,12637.5220324406,12464.0110508476,13913.3402919927,15658.2120316794,15874.5220531254,15987.5753654045,18635.5104895754,18891.2121169279,22056.6661704127
GDP per capita (current US$),NY.GDP.PCAP.CD,Portugal,PRT,7884.61798756332,11526.3720667968,22120.6850127107,19215.7813014347,19980.2808866516,21442.3842768879,23541.1401075289,23343.3628970034,22299.4044062173,24711.4510062111,24620.519556875,27331.2094945255
GDP per capita (current US$),NY.GDP.PCAP.CD,Puerto Rico,PRI,8652.50749222505,16192.1269719638,28981.4573305866,29763.4883013861,30627.1634017011,31108.7527508912,31615.0667918433,32916.866800639,31427.4291136799,32619.250416757,35268.0791015719,36779.0594913858
GDP per capita (current US$),NY.GDP.PCAP.CD,Qatar,QAT,16721.6207714589,27535.182940934,95840.6310094498,68985.2946961507,61253.6375482797,63279.8556949332,71039.8490579352,66841.3013472693,51683.5054353851,71751.8831234838,88701.463350036,80195.874646942
GDP per capita (current US$),NY.GDP.PCAP.CD,Romania,ROU,1648.48522974542,1659.92904910528,10031.7710755404,8977.01748158196,9404.54005870715,10727.9822007426,12502.2624061935,12992.0326104674,13082.3006559554,14986.7854904274,15557.8826247584,18404.2730871704
GDP per capita (current US$),NY.GDP.PCAP.CD,Russian Federation,RUS,3494.06323242188,1771.59411621094,14055.47265625,9277.7138671875,8663.158203125,10658.9130859375,11211.8876953125,11447.701171875,10108.3271484375,12521.5224609375,15445.2421875,13817.0458984375
GDP per capita (current US$),NY.GDP.PCAP.CD,Rwanda,RWA,345.773495134655,251.86926386091,724.957521209377,733.998585018273,729.519154199595,758.301002985965,771.773521962568,810.051420243718,778.701538550324,828.833032800998,975.469315871749,1010.2689290184
GDP per capita (current US$),NY.GDP.PCAP.CD,Samoa,WSM,743.994213008355,1424.75240002471,3982.68080202084,4084.36083819933,4147.07097674888,4307.59381964907,4231.81409469194,4351.94234943706,4099.6600907147,3947.64517905415,3869.46639492144,4330.17840531329
GDP per capita (current US$),NY.GDP.PCAP.CD,San Marino,SMR,..,37600.7077379601,51260.4938347125,43146.8240435428,44359.4797662688,45192.0279766943,47950.6880557136,46627.0122356944,44426.6463400658,54168.9828262684,54264.570495898,..
GDP per capita (current US$),NY.GDP.PCAP.CD,Sao Tome and Principe,STP,970.060189603816,529.089383412262,1489.67633417608,1298.10946596396,1434.87018050521,1555.79477812888,1825.59971753966,1935.2931816596,2167.22001796925,2362.58827248102,2389.73729784737,2940.93352926715
GDP per capita (current US$),NY.GDP.PCAP.CD,Saudi Arabia,SAU,11054.7495049666,11714.5623675159,27079.6733871148,22453.571552265,21515.6600083775,23081.2045336558,28036.0264674095,27892.8421521179,23271.4037647084,28396.0864182336,34454.1957708412,32093.9622984711
GDP per capita (current US$),NY.GDP.PCAP.CD,Senegal,SEN,957.314337438177,603.233162455158,1398.89137601382,1218.00613555438,1266.43957151587,1356.80518449031,1452.55612562445,1431.18128932159,1461.08720350553,1598.10676952274,1564.74522071584,1706.44218024762
GDP per capita (current US$),NY.GDP.PCAP.CD,Serbia,SRB,..,974.725469278615,6886.67809068704,5820.3215576888,5982.37030126471,6548.03653824187,7559.86165747394,7755.632986437,8098.70955668849,9680.52798074468,10022.9688543402,12281.5058488303
GDP per capita (current US$),NY.GDP.PCAP.CD,Seychelles,SYC,5642.072897243,8063.65500575169,15188.1902175113,15333.1051727105,16566.9946042294,17480.3651911372,18440.2340460932,19141.5118743615,14041.4754074575,14982.9111487767,17167.1909760833,17879.2396545075
GDP per capita (current US$),NY.GDP.PCAP.CD,Sierra Leone,SLE,154.794246226066,143.743743239644,1140.92742266148,945.148168480629,838.631615328371,788.486867334833,845.914540460932,843.71251730417,845.313836261458,885.184270659578,860.130884035452,757.85833603088
GDP per capita (current US$),NY.GDP.PCAP.CD,Singapore,SGP,11861.7561591366,23852.8389514753,57564.8023114977,55645.6068614606,56899.9181805173,61162.0973932771,66840.6373389791,66081.7199235165,61466.803676358,79601.4129622433,88428.7024226232,84734.2559206054
GDP per capita (current US$),NY.GDP.PCAP.CD,Sint Maarten (Dutch part),SXM,..,..,37134.912423099,37839.6283815163,37308.6147795736,34701.3058494468,31708.3110124742,34861.469528968,30150.8998380477,32548.4366854902,36476.6300833859,38077.5444869761
GDP per capita (current US$),NY.GDP.PCAP.CD,Slovak Republic,SVK,2437.17517010845,5421.6448441887,18770.9289896545,16442.0760860018,16636.0769133073,17645.5298716761,19573.3717031314,19406.0589683582,19735.4858280801,22138.1949833348,21342.7666714692,24491.3771867262
GDP per capita (current US$),NY.GDP.PCAP.CD,Slovenia,SVN,9925.14071044684,10135.7219109212,24013.0682060959,20697.2748530619,21447.8377796036,23303.077705959,25888.0481065655,25814.1687167572,25392.0651093612,29187.369382785,28373.8382265999,32610.110922729
GDP per capita (current US$),NY.GDP.PCAP.CD,Solomon Islands,SLB,648.325212624098,953.17190137706,2164.9442392168,2045.47889485251,2082.62989047871,2143.57465243959,2278.20633913383,2223.66502559565,2063.33101522108,1996.86976779348,2005.4139933198,2041.6364912646
GDP per capita (current US$),NY.GDP.PCAP.CD,Somalia,SOM,145.603501373513,386.119274401275,429.431656017709,445.583078625015,460.928491979039,510.939952988052,509.525802439801,539.893931565468,518.184778494176,549.114743546859,573.128092470162,597.458854603159
GDP per capita (current US$),NY.GDP.PCAP.CD,South Africa,ZAF,3093.48920352334,3217.84693448467,6856.73137092522,6112.27382485974,5651.20585165749,6618.33508255701,6914.1780318076,6533.71121032856,5580.60383075189,6843.39941886204,6523.41097815853,6022.5425418935
GDP per capita (current US$),NY.GDP.PCAP.CD,South Sudan,SSD,..,..,1242.73450181032,1080.14718624765,..,..,..,..,..,..,..,..
GDP per capita (current US$),NY.GDP.PCAP.CD,Spain,ESP,13795.0159385128,14743.2671031455,29694.8874886229,25969.8383138327,26740.6851818829,28367.9392609439,30592.1264795541,29776.2011500384,27230.3599933583,30817.6828559001,30287.3657583614,33509.0127982139
GDP per capita (current US$),NY.GDP.PCAP.CD,Sri Lanka,LKA,491.213686238493,846.460813304966,3971.91913148166,4060.13139670248,4149.76105454457,4401.05567045499,4360.58473469252,4082.69404871533,3846.17449566736,3999.33764677637,3342.71989646203,3827.96495637489
GDP per capita (current US$),NY.GDP.PCAP.CD,St. Kitts and Nevis,KNA,5373.44824048425,9319.65545093525,20219.3954237956,20328.8003530109,21387.5415511103,22464.9899633959,22901.3816403197,23595.4923231291,18859.0190361046,18361.1449697886,21011.5744209816,22573.6724791004
GDP per capita (current US$),NY.GDP.PCAP.CD,St. Lucia,LCA,4204.57161863111,5879.56191426207,10044.8218377677,10334.9225558425,10638.1901982143,11333.1963940441,11642.7403185172,11794.2056521711,8411.19941821204,10459.1321248092,13103.7621654634,13554.6651875402
GDP per capita (current US$),NY.GDP.PCAP.CD,St. Martin (French part),MAF,..,..,20638.7705882379,..,..,..,..,19033.0649634889,..,21668.3776525323,..,..
GDP per capita (current US$),NY.GDP.PCAP.CD,St. Vincent and the Grenadines,VCT,2149.73944358984,3768.95536604022,7168.82875342911,7353.73556054184,7656.90042881178,7988.04445019298,8428.12677153069,8743.33202133753,8395.09988902412,8481.30537359541,9471.14627317673,10520.4441534791
GDP per capita (current US$),NY.GDP.PCAP.CD,Sudan,SDN,1257.1875,362.116882324219,1275.43835449219,1292.37963867188,1033.21594238281,966.505676269531,731.027465820313,709.975280761719,577.795227050781,712.122009277344,1046.24084472656,2183.44140625
GDP per capita (current US$),NY.GDP.PCAP.CD,Suriname,SUR,941.591736102188,1988.22172925433,9108.18905406764,8813.61705392067,5644.2061057532,6049.52128553675,6665.74180472239,6629.66775248603,4755.39221710693,5029.84838543953,6084.43876736445,5494.07409425517
GDP per capita (current US$),NY.GDP.PCAP.CD,Sweden,SWE,30549.6692751763,29632.7736101599,59583.7140001673,51197.9529341175,51820.3972482676,53300.8587281785,54181.9069780904,51773.0464558993,52653.7565934247,61174.9680215622,55296.9371472535,55516.836477474
GDP per capita (current US$),NY.GDP.PCAP.CD,Switzerland,CHE,39574.5398083788,38865.021939688,88724.9909402638,83806.4476003837,82153.0745447889,82254.3769269767,85217.3691512274,84121.9310304414,85897.7843338323,93446.4344518943,93245.7952120851,99564.710026145
GDP per capita (current US$),NY.GDP.PCAP.CD,Syrian Arab Republic,SYR,978.489616979607,1138.1884854278,1060.59105886854,847.731631942565,656.3490586313,851.502005254153,1098.0668642357,1109.53926036049,572.355289831901,663.614245706815,1051.67149587463,..
GDP per capita (current US$),NY.GDP.PCAP.CD,Tajikistan,TJK,487.03612866309,136.925716400723,1081.54402932039,956.916310930656,788.710481734485,829.45714764957,834.288404578801,871.022372934846,834.311715460625,896.748053372182,1052.17949484894,1160.81187026311
GDP per capita (current US$),NY.GDP.PCAP.CD,Tanzania,TZA,243.611557006836,401.698150634766,1022.74841308594,939.127319335938,953.0107421875,986.674011230469,1023.10626220703,1063.32250976563,1117.41528320313,1159.85656738281,1207.85302734375,1224.48962402344
GDP per capita (current US$),NY.GDP.PCAP.CD,Thailand,THA,1559.11209344755,2005.97694514234,5801.1978916205,5688.85335397884,5833.57715617098,6413.09182530343,7099.77650081458,7605.69657797759,6985.64393892574,7058.0694998852,6909.35997481451,7182.02525812415
GDP per capita (current US$),NY.GDP.PCAP.CD,Timor-Leste,TLS,168.621010199317,492.457669429651,1224.74957758801,1319.59297370991,1335.54390089814,1266.17767952941,1219.46598597604,1562.36458881813,1630.86935439232,2684.82704373402,2343.24524664152,1502.51963828284
GDP per capita (current US$),NY.GDP.PCAP.CD,Togo,TGO,575.094511928654,409.889802792768,855.585284856656,751.052405084336,772.581787093976,792.765487219069,851.130806891807,826.260654099894,853.578220263722,939.613373786407,898.758154410712,985.697512629974
GDP per capita (current US$),NY.GDP.PCAP.CD,Tonga,TON,1139.0553819198,1995.07650349318,4136.59013792529,4123.90323993332,3987.98626206287,4365.92932788383,4638.89774268789,4676.84790348236,4700.44932800575,4912.57950603175,4933.07479143113,..
GDP per capita (current US$),NY.GDP.PCAP.CD,Trinidad and Tobago,TTO,4047.25093594674,6178.58975559687,22074.4263087858,20024.754663902,17521.8007525013,17720.4972365332,18076.3565550233,17431.0269266696,15224.5083495616,17912.5106245714,22004.1997884125,20016.1503008736
GDP per capita (current US$),NY.GDP.PCAP.CD,Tunisia,TUN,1476.43160477311,2199.04465936314,4458.97895464547,4014.94773686432,3847.80354448809,3619.03247319953,3628.10366464236,3528.87213306798,3548.65363663803,3885.28166485296,3678.40023411347,3977.69516639644
GDP per capita (current US$),NY.GDP.PCAP.CD,Turkiye,TUR,2689.52621921233,4192.44316738494,12165.220135038,11049.9951100942,10970.0458948862,10695.550196231,9568.83506330228,9215.44049888114,8638.73903848102,9743.21277804855,10674.504157865,13105.6585678319
GDP per capita (current US$),NY.GDP.PCAP.CD,Turkmenistan,TKM,848.155047388424,633.835487638011,7164.14536184006,5759.497903834,5686.98040962764,5828.4816623489,6125.05169712085,6648.0348960628,6592.60146027748,7051.20211079213,8156.35211950774,8232.65225980002
GDP per capita (current US$),NY.GDP.PCAP.CD,Turks and Caicos Islands,TCA,..,..,23996.2910128388,25736.101625461,26946.4178520162,25779.6122366146,27160.1579568902,27273.4376992357,17452.6578046047,23114.7902123091,26802.0673752091,30348.8114409139
GDP per capita (current US$),NY.GDP.PCAP.CD,Tuvalu,TUV,1084.66707221699,1579.41906275542,3528.85858102782,3357.83417700071,3808.69755015909,4165.66338700106,4466.12034928245,5115.13075950206,4976.11254109571,5905.08198095343,5911.32727055301,6344.7750188689
GDP per capita (current US$),NY.GDP.PCAP.CD,Uganda,UGA,244.987168126806,258.050338731086,896.054795546394,862.934610355811,752.696571725656,765.218332297361,792.16570022814,822.057058189153,845.766463890124,882.791717542504,963.067314117178,1002.30913917142
GDP per capita (current US$),NY.GDP.PCAP.CD,Ukraine,UKR,1563.63415527344,653.294311523438,3054.908203125,2094.47387695313,2158.46118164063,2604.28759765625,3059.0517578125,3619.86157226563,3709.76928710938,4775.94580078125,4199.6708984375,5069.703125
GDP per capita (current US$),NY.GDP.PCAP.CD,United Arab Emirates,ARE,26709.993440327,29865.502347066,51381.4069909213,43534.9972681733,41326.4018161834,42340.5917145576,45689.8570040215,44251.4541390148,37173.8754100281,43360.0211014806,49899.0652978649,49040.6947525825
GDP per capita (current US$),NY.GDP.PCAP.CD,United Kingdom,GBR,19095.4669984608,28280.926786099,47439.6165895125,44964.3911437292,40985.2351382417,40572.1214823783,43203.8141057739,42662.5353740311,40201.6812422928,46896.8662432834,45935.9276473925,49463.8554617343
GDP per capita (current US$),NY.GDP.PCAP.CD,United States,USA,23888.6000088133,36329.9702595751,55304.3155317137,57040.2082136605,58206.6141931844,60322.2614241747,63201.0458483771,65604.6815198734,64411.3731779373,71318.3073592183,78035.1753604212,82769.4122114216
GDP per capita (current US$),NY.GDP.PCAP.CD,Uruguay,URY,2995.36105663465,6987.70098766257,18322.4276767157,17125.9016800298,17009.7586944503,19184.6626659717,19249.9401532664,18315.7352857194,15789.6857422214,17888.211510172,20691.9738991763,22797.8111731861
GDP per capita (current US$),NY.GDP.PCAP.CD,Uzbekistan,UZB,652.9376529256,555.149231099186,2674.9628382103,2803.19018021751,2753.37951427589,2190.60411562888,1813.08530813664,2041.38480729431,1978.28051860763,2258.51964119278,2578.66689394219,2849.51461071911
GDP per capita (current US$),NY.GDP.PCAP.CD,Vanuatu,VUT,1140.59020311724,1460.23817692229,2967.70667006774,2746.59171880997,2869.9996909076,3159.92716050347,3206.68930842127,3207.44650452083,3042.98711598286,3107.20312858002,3265.39645133096,3515.23633611798
GDP per capita (current US$),NY.GDP.PCAP.CD,"Venezuela, RB",VEN,2451.5523114567,4776.2816763938,15943.6127197163,..,..,..,..,..,..,..,..,..
GDP per capita (current US$),NY.GDP.PCAP.CD,Viet Nam,VNM,98.7983370311401,404.029784055118,2546.38464459903,2577.56885340113,2735.0604380416,2956.10992127753,3222.31003125366,3440.90025375434,3534.03953482647,3704.1935590038,4116.38576094153,4282.08851724506
GDP per capita (current US$),NY.GDP.PCAP.CD,Virgin Islands (U.S.),VIR,..,..,33045.3643795999,34007.3529411765,35324.9748874586,35365.0693039774,36663.2087550584,38633.5298915336,39787.3741650202,42571.0777368471,44320.909185774,..
GDP per capita (current US$),NY.GDP.PCAP.CD,West Bank and Gaza,PSE,..,1476.17185000238,3352.11259506043,3272.15432360708,3527.61382413178,3620.36048715937,3562.33094270256,3656.85827137011,3233.56863835858,3678.63565662194,3799.95527015163,3372.34974423005
GDP per capita (current US$),NY.GDP.PCAP.CD,"Yemen, Rep.",YEM,910.422465960748,493.235182634814,1430.16420964026,1362.17379435676,975.359406696353,811.165963877611,633.887206000087,623.376164898164,559.564672794182,522.173512705812,615.70207931388,477.409028678688
GDP per capita (current US$),NY.GDP.PCAP.CD,Zambia,ZMB,422.336298804219,359.429500988221,1707.48573136694,1295.87788680068,1239.08527877713,1483.46577328065,1463.89997855593,1258.98619844462,951.644316655957,1127.16077872857,1447.12310138035,1330.72780576709
GDP per capita (current US$),NY.GDP.PCAP.CD,Zimbabwe,ZWE,866.486457266006,562.556900384332,1372.21278071456,1386.42284717709,1407.41536437554,3448.08253696926,2271.8533351306,1684.02790388182,1730.41348946953,1724.38773104902,2040.55245910726,2156.0340040333
GDP per capita (current US$),NY.GDP.PCAP.CD,Africa Eastern and Southern,AFE,822.81763829676,707.120376327506,1656.10764215035,1479.56412348117,1329.77782375583,1520.17129839287,1538.92418773564,1493.78044490037,1344.08096192004,1522.59008804972,1628.02452570959,1659.51529015376
GDP per capita (current US$),NY.GDP.PCAP.CD,Africa Western and Central,AFW,590.32143846879,516.932316255791,2204.99569969979,1845.76780421108,1616.84319800249,1560.16299864482,1703.89639222804,1783.65436491191,1664.24917643553,1747.84054911545,1777.23501216669,1568.72431045118
GDP per capita (current US$),NY.GDP.PCAP.CD,Arab World,ARB,2875.25714161315,2664.16579571489,7259.93672933779,6203.70263640435,5957.05983659325,6005.39012863954,6576.51663083912,6525.21184312385,5648.34111789395,6445.80726093411,7658.40646973315,7292.21040780618
GDP per capita (current US$),NY.GDP.PCAP.CD,Caribbean small states,CSS,3540.01544956295,6626.89515219893,11603.9405523069,11835.2872155303,11358.7030845165,11775.3905011905,12047.8528111635,12356.3216439351,10270.790474345,11920.3427576157,15564.5576210508,16906.5672140942
GDP per capita (current US$),NY.GDP.PCAP.CD,Central Europe and the Baltics,CEB,2456.15936108319,3959.09429252347,14183.715484494,12568.2965059245,12836.5666338962,14294.4470174706,16181.6073703684,16475.161477584,16450.8775088615,19144.0685537317,19502.8169309088,22637.7950110942
GDP per capita (current US$),NY.GDP.PCAP.CD,Early-demographic dividend,EAR,937.515167975021,1345.96096692962,3424.5502589261,3211.78012733143,3262.32001806648,3496.77164846492,3503.21320137921,3527.54327176522,3240.95150218079,3732.86849069467,4076.36749050073,4256.78414448262
GDP per capita (current US$),NY.GDP.PCAP.CD,East Asia & Pacific,EAS,2637.0605726047,4086.5181236253,9672.05856791834,9562.10616350756,9832.13036290931,10428.6321782284,11285.8972298534,11458.795842252,11464.1012855988,13117.3989864275,12889.9061983889,12908.6377076783
GDP per capita (current US$),NY.GDP.PCAP.CD,East Asia & Pacific (excluding high income),EAP,416.499485584192,954.465171205624,6276.04217924336,6482.99315626888,6575.5250881796,7133.00005851308,7925.42476458249,8153.62140587102,8245.71521577714,9795.31938942758,9901.2640992049,9900.61356517593
GDP per capita (current US$),NY.GDP.PCAP.CD,East Asia & Pacific (IDA & IBRD countries),TEA,421.626807774002,965.915605536413,6347.42096914922,6556.49872551757,6649.86735991736,7213.3607178978,8014.49766251885,8245.10161071216,8338.13776036985,9905.15440355218,10012.4494743706,10011.9941315998
GDP per capita (current US$),NY.GDP.PCAP.CD,Euro area,EMU,18683.5116203769,20039.4002663005,39926.3443427769,34415.6153549122,35178.8502697866,37181.1343044604,40068.5215464339,39217.3839966029,38241.5756519082,42978.8817916638,41454.1660248186,45130.1240539874
GDP per capita (current US$),NY.GDP.PCAP.CD,Europe & Central Asia,ECS,10494.2941549424,11645.0816833377,26425.7524782923,22657.3094941092,22476.2668798332,23755.738099932,25340.1536558293,24958.3859753607,24091.3416895738,27591.2437497041,27731.7695375442,29789.15402951
GDP per capita (current US$),NY.GDP.PCAP.CD,Europe & Central Asia (excluding high income),ECA,1720.468517557,1788.23206214028,7272.88444788426,6282.67304098967,5977.23488835293,6111.81706371512,5952.35226461881,6020.75079545102,5733.5388117287,6623.50479025077,7247.73491679181,8548.0103775697
GDP per capita (current US$),NY.GDP.PCAP.CD,Europe & Central Asia (IDA & IBRD countries),TEC,2377.68113467343,2043.07968265217,10293.7203442319,8001.11229243002,7649.90665844729,8555.47638597093,8884.71291375979,9027.50709505223,8443.06159084581,10010.7744146786,11351.0079692917,11977.3398758875
GDP per capita (current US$),NY.GDP.PCAP.CD,European Union,EUU,15470.1514318508,16975.9150408779,35539.2020994967,30716.6295698647,31404.4306041117,33327.6674894487,36002.564051993,35341.5703329216,34635.4895902222,39180.3758426065,37948.9505377699,41422.7999680879
GDP per capita (current US$),NY.GDP.PCAP.CD,Fragile and conflict affected situations,FCS,1120.16230803482,751.402386963343,2351.21273489301,1810.68930176888,1632.33745272851,1702.90845193168,1819.00302147749,1890.22006963616,1680.96884674984,1753.54775352624,1892.6227062256,1830.33271759402
GDP per capita (current US$),NY.GDP.PCAP.CD,Heavily indebted poor countries (HIPC),HPC,459.401744806781,376.321478266707,974.252131612265,909.494352340789,893.010597521193,931.787880001889,968.18729528141,976.312547557857,959.181737577661,1040.03410722444,1100.34076496851,1231.81257022963
GDP per capita (current US$),NY.GDP.PCAP.CD,High income,HIC,16603.8457412633,22409.9007588105,39502.0829505689,36650.4490056998,37140.5595822096,38873.8613987597,41180.3426854104,41457.3871652811,40262.8698752886,45229.2753341398,46632.8486068879,48752.7127374395
GDP per capita (current US$),NY.GDP.PCAP.CD,IBRD only,IBD,1076.43889364852,1474.43353846311,5959.31801743295,5525.00490743409,5513.07715328885,6032.45731643701,6376.20637613021,6459.05649734705,6171.87965743072,7289.99204765957,7651.51702544821,7832.14975609303
GDP per capita (current US$),NY.GDP.PCAP.CD,IDA & IBRD total,IBT,946.315449521818,1249.12417056884,4807.81076822459,4458.11083061724,4431.30440041701,4816.55669747848,5071.47780601742,5125.36118877249,4884.2624249805,5707.61064306399,5974.31658352895,6075.12299337436
GDP per capita (current US$),NY.GDP.PCAP.CD,IDA blend,IDB,514.335951400601,605.027325147959,2099.6785212584,1953.90145153229,1787.03439986924,1796.8728729754,1856.81876322366,1865.35605450935,1713.86457937643,1827.96310627066,1944.22814736694,1687.28133682938
GDP per capita (current US$),NY.GDP.PCAP.CD,IDA only,IDX,395.782591730776,385.174065928169,1062.79330233719,1036.87089667356,1072.25258983137,1130.91814340942,1177.52764226474,1211.19958978076,1197.82655626131,1276.2327161945,1347.0495978989,1424.84597936668
GDP per capita (current US$),NY.GDP.PCAP.CD,IDA total,IDA,433.415696608901,457.644524502419,1413.48701723574,1346.69693190726,1313.25207885782,1354.977107485,1405.59717231873,1430.29036966118,1370.26257847044,1460.26675489479,1545.89311822681,1510.984396965
GDP per capita (current US$),NY.GDP.PCAP.CD,Late-demographic dividend,LTE,1108.63696388267,1670.88947753602,8829.32167411182,8228.5219032545,8192.82724280848,9032.31848043335,9850.36115121356,9991.40401633086,9734.68959265357,11597.4855569831,12082.0001033778,12184.2070837954
GDP per capita (current US$),NY.GDP.PCAP.CD,Latin America & Caribbean,LCN,2682.63675399156,4472.56198128317,10583.1936198566,8759.80639725635,8461.78546877733,9311.41109369302,9034.70781075096,8830.90045629058,7444.66073393848,8596.3558852242,9714.93628741263,10796.8623721014
GDP per capita (current US$),NY.GDP.PCAP.CD,Latin America & Caribbean (excluding high income),LAC,2623.0884470876,4286.86453280356,9914.63937046348,8337.14599402852,8011.61015629879,8843.08534628217,8504.73822009603,8305.98946791718,6940.27896334688,7996.40776122081,9129.46662678089,10180.7055245454
GDP per capita (current US$),NY.GDP.PCAP.CD,Latin America & the Caribbean (IDA & IBRD countries),TLA,2615.70091460903,4388.9268109925,10507.1454660865,8617.55291183431,8302.17434243113,9165.48671951323,8877.72299219367,8654.86209465818,7240.56006051251,8382.65451574502,9483.70640570626,10553.7109939929
GDP per capita (current US$),NY.GDP.PCAP.CD,Least developed countries: UN classification,LDC,369.97406055604,332.760035513826,1028.07776350662,964.449793360221,958.174398065087,1024.16282643038,1065.22658037951,1097.76355049254,1081.79748199294,1153.75092851568,1265.52540549785,1306.23478492715
GDP per capita (current US$),NY.GDP.PCAP.CD,Low & middle income,LMY,818.661627615459,1162.75663874146,4373.15629137736,4187.84406931518,4176.46750468353,4507.72590697511,4738.20340339937,4791.42088334726,4585.37575872202,5345.67919342272,5551.33514593968,5658.54749596439
GDP per capita (current US$),NY.GDP.PCAP.CD,Low income,LIC,450.342045899821,317.586553973794,734.426583108791,705.461511003203,633.70146846597,645.984738347678,654.345171301587,676.709800653852,651.453378446489,680.052723595916,763.322724840016,900.963258115436
GDP per capita (current US$),NY.GDP.PCAP.CD,Lower middle income,LMC,432.015792085122,557.8144293004,1872.37394400472,1841.84526127088,1891.00255065343,2017.256137593,2076.456710545,2152.16187917576,2057.14629082262,2300.761243364,2423.84146733947,2415.59854513004
GDP per capita (current US$),NY.GDP.PCAP.CD,Middle East & North Africa,MEA,3113.55875309605,3112.37412193799,8372.74262763338,7228.30889534971,7156.79613508213,7340.26873932877,7732.44296580288,7590.75451796732,6650.85368826242,7801.40393400528,8986.09895923688,8499.84306394222
GDP per capita (current US$),NY.GDP.PCAP.CD,Middle East & North Africa (excluding high income),MNA,2225.56198986398,1647.90580225671,4312.21641273822,3803.87110555447,3830.71300891916,3768.7597495354,3682.71025533449,3594.10876400589,3175.61706654976,3653.70376970852,4030.08692997644,3797.10418034163
GDP per capita (current US$),NY.GDP.PCAP.CD,Middle East & North Africa (IDA & IBRD countries),TMN,2223.85032362517,1649.66631723283,4322.94916352776,3809.84668165081,3834.13658237327,3770.44041543684,3684.084605003,3593.38666747385,3174.94415084122,3653.41158751434,4032.80400418252,3802.1797249029
GDP per capita (current US$),NY.GDP.PCAP.CD,Middle income,MIC,848.790982558516,1236.4254560356,4763.02572364617,4565.92744572992,4566.49285052469,4939.46308269855,5202.51034300538,5267.9276273194,5049.55823705701,5906.22674978763,6137.8170764372,6254.08764955685
GDP per capita (current US$),NY.GDP.PCAP.CD,North America,NAC,23653.5020058697,35151.3741865271,54877.6040655634,55702.089462785,56618.0479576143,58796.5168500385,61512.7212012788,63634.786103642,62271.1969150653,69382.1728474769,75686.4898291323,79640.4296229555
GDP per capita (current US$),NY.GDP.PCAP.CD,Not classified,INX,..,..,..,..,..,..,..,..,..,..,..,..
GDP per capita (current US$),NY.GDP.PCAP.CD,OECD members,OED,17010.9488795729,23025.500703002,38167.820305509,35784.8705175556,36253.8002803221,37639.2781863476,39573.0447485009,39764.8216112273,38686.327403326,43133.7860734899,44026.85925455,46724.0157104114
GDP per capita (current US$),NY.GDP.PCAP.CD,Other small states,OSS,3853.99682839028,5414.34177228679,13159.4093952693,11735.6880833152,12174.1574245522,13345.5544904233,14455.7757539518,14425.2470146907,13071.2236222876,15120.1040765783,16066.2729688356,16728.2675733784
GDP per capita (current US$),NY.GDP.PCAP.CD,Pacific island small states,PSS,1343.27719993773,1688.38767317609,3847.34192203401,3710.01234754574,3844.35513216019,4097.0009326156,4245.78718413539,4170.32118081193,3666.59898132535,3638.30140671833,3892.77833317117,4146.4362061875
GDP per capita (current US$),NY.GDP.PCAP.CD,Post-demographic dividend,PST,19124.4243628542,25863.3247780056,43293.4983124527,40778.3409479148,41527.3663304955,43153.6162371414,45562.8677932304,45916.4122663126,44858.1104615819,49980.4043268261,51063.6197488498,54041.539692952
GDP per capita (current US$),NY.GDP.PCAP.CD,Pre-demographic dividend,PRE,938.863867179801,502.708126340942,1816.54049000952,1501.73812551821,1300.83530095102,1320.99787807449,1432.1297922805,1469.63291800162,1313.17035996031,1404.30365764781,1567.28039263333,1453.26226755311
GDP per capita (current US$),NY.GDP.PCAP.CD,Small states,SST,3468.37741576392,5122.20615403225,11677.6587312097,10690.6175098911,10942.7122470745,11875.6287573479,12723.981268455,12739.8388742478,11381.557900564,13092.4975736112,14371.4935939925,15086.0915547842
GDP per capita (current US$),NY.GDP.PCAP.CD,South Asia,SAS,356.516843388742,458.634746392476,1479.96637029096,1528.46685971348,1663.62030739425,1874.9491911349,1907.38178097978,1952.01340084598,1843.19527438293,2131.30229648282,2239.51630169785,2303.30291008899
GDP per capita (current US$),NY.GDP.PCAP.CD,South Asia (IDA & IBRD),TSA,356.516843388742,458.634746392476,1479.96637029096,1528.46685971348,1663.62030739425,1874.9491911349,1907.38178097978,1952.01340084598,1843.19527438293,2131.30229648282,2239.51630169785,2303.30291008899
GDP per capita (current US$),NY.GDP.PCAP.CD,Sub-Saharan Africa,SSF,727.606217404228,628.872470754492,1879.95713710403,1628.91285742916,1446.87390976779,1536.48268492506,1606.1313576289,1611.67363549653,1474.05531054261,1613.8768603775,1688.40108402158,1622.80705094435
GDP per capita (current US$),NY.GDP.PCAP.CD,Sub-Saharan Africa (excluding high income),SSA,726.948475588604,627.981255873972,1878.73871460579,1627.66404278518,1445.51408493923,1535.06887591976,1604.66374694772,1610.17142040812,1472.99671243066,1612.77003780241,1686.89137493204,1621.26148130945
GDP per capita (current US$),NY.GDP.PCAP.CD,Sub-Saharan Africa (IDA & IBRD countries),TSS,727.606217404228,628.872470754492,1879.95713710403,1628.91285742916,1446.87390976779,1536.48268492506,1606.1313576289,1611.67363549653,1474.05531054261,1613.8768603775,1688.40108402158,1622.80705094435
GDP per capita (current US$),NY.GDP.PCAP.CD,Upper middle income,UMC,1188.87333600958,1844.94204356869,7707.02210284114,7359.58786997586,7329.37631094226,7976.99720572276,8473.68198859219,8551.4409621973,8228.64336599657,9770.29069696583,10156.7047182966,10451.3445525827
GDP per capita (current US$),NY.GDP.PCAP.CD,World,WLD,4337.86251681175,5494.39887178018,10881.3308259095,10142.1434788123,10188.260064838,10731.6554708352,11288.8842617304,11334.8430932207,10916.687666264,12352.73608496,12737.3150340299,13169.5982250473
,,,,,,,,,,,,,,,
,,,,,,,,,,,,,,,
,,,,,,,,,,,,,,,
Data from database: World Development Indicators,,,,,,,,,,,,,,,
Last Updated: 03/24/2025,,,,,,,,,,,,,,,
Code,License Type,Indicator Name,Long definition,Source,Topic,Periodicity,Aggregation method,Statistical concept and methodology,License URL
NY.GDP.PCAP.CD,CC BY-4.0,GDP per capita (current US$),GDP per capita is gross domestic product divided by midyear population. GDP is the sum of gross value added by all resident producers in the economy plus any product taxes and minus any subsidies not included in the value of the products. It is calculated without making deductions for depreciation of fabricated assets or for depletion and degradation of natural resources. Data are in current U.S. dollars.,"World Bank national accounts data, and OECD National Accounts data files.",Economic Policy & Debt: National accounts: US$ at current prices: Aggregate indicators,Annual,Weighted average,"For more information, see the metadata for current U.S. dollar GDP (NY.GDP.MKTP.CD) and total population (SP.POP.TOTL).",https://datacatalog.worldbank.org/public-licenses#cc-by
